,Basic Statistics,Value
0,Reference,0.025
1,Mean,0.024985243440000002
2,StDev,4.375576186345539e-05
3,6 x StDev (SV),0.00026253457118073235
4,Tolerance (Tol),0.0007
