Metric,Value
Bias,-1.4756559999998947e-05
T,2.3847061960770546
PValue,0.021007063552020033
