Metric,Value
Bias,-1.4756513812021893e-05
T,2.3847019345506784
PValue,0.021007280885256982
