Metric,Value
Cg,0.5332631027234205
Cgk,0.42084697456450965
%Var(Repeatability),37.50493874010461
%Var(Rep. and Bias),47.52321201951351
