Metric,Value
Cg,5.332638188833816
Cgk,5.220222261565185
%Var(Repeatability),3.750488837191064
%Var(Rep. and Bias),3.831254494134006
